<repast.simphony.data2.engine.DataSetDescriptor simphonyVersion="2.10.0">
  <name>Agent Data</name>
  <type>AGGREGATE</type>
  <inclTick>true</inclTick>
  <inclBatchRun>false</inclBatchRun>
  <inclRandomSeed>false</inclRandomSeed>
  <scheduleParams>
    <start>1.0</start>
    <interval>1.0</interval>
    <priority>-Infinity</priority>
    <pType>LAST</pType>
    <duration>-1.0</duration>
    <frequency>REPEAT</frequency>
    <hashCode>42093351</hashCode>
  </scheduleParams>
  <atEnd>false</atEnd>
  <methodDataSources class="linked-hash-map"/>
  <countSources class="linked-hash-map">
    <entry>
      <string>Recovered Count</string>
      <repast.simphony.data2.engine.CountSourceDefinition>
        <typeName>barbasi_SIR.Recovered</typeName>
        <id>Recovered Count</id>
      </repast.simphony.data2.engine.CountSourceDefinition>
    </entry>
    <entry>
      <string>Infected Count</string>
      <repast.simphony.data2.engine.CountSourceDefinition>
        <typeName>barbasi_SIR.Infected</typeName>
        <id>Infected Count</id>
      </repast.simphony.data2.engine.CountSourceDefinition>
    </entry>
    <entry>
      <string>Susceptible Count</string>
      <repast.simphony.data2.engine.CountSourceDefinition>
        <typeName>barbasi_SIR.Susceptible</typeName>
        <id>Susceptible Count</id>
      </repast.simphony.data2.engine.CountSourceDefinition>
    </entry>
  </countSources>
  <customNADataSources class="linked-hash-map"/>
  <customAggDataSources class="linked-hash-map"/>
</repast.simphony.data2.engine.DataSetDescriptor>