<repast.simphony.chart2.engine.TimeSeriesChartDescriptor simphonyVersion="2.10.0">
  <name>Time Series Chart</name>
  <dataSet>Agent Data</dataSet>
  <xAxisLabel>Tick Count</xAxisLabel>
  <yAxisLabel>Number of Agents</yAxisLabel>
  <chartTitle>Agent Count</chartTitle>
  <type>TIME_SERIES</type>
  <background>
    <red>192</red>
    <green>192</green>
    <blue>192</blue>
    <alpha>255</alpha>
  </background>
  <gridLineColor>
    <red>255</red>
    <green>255</green>
    <blue>255</blue>
    <alpha>255</alpha>
  </gridLineColor>
  <showGrid>true</showGrid>
  <showLegend>true</showLegend>
  <seriesIds>
    <entry>
      <string>Susceptible Count</string>
      <SeriesData>
        <label>Susceptible Count</label>
        <color>
          <red>51</red>
          <green>51</green>
          <blue>255</blue>
          <alpha>255</alpha>
        </color>
      </SeriesData>
    </entry>
    <entry>
      <string>Infected Count</string>
      <SeriesData>
        <label>Infected Count</label>
        <color>
          <red>255</red>
          <green>0</green>
          <blue>0</blue>
          <alpha>255</alpha>
        </color>
      </SeriesData>
    </entry>
    <entry>
      <string>Recovered Count</string>
      <SeriesData>
        <label>Recovered Count</label>
        <color>
          <red>102</red>
          <green>255</green>
          <blue>102</blue>
          <alpha>255</alpha>
        </color>
      </SeriesData>
    </entry>
  </seriesIds>
  <dataValueIds/>
  <plotRangeLength>-1</plotRangeLength>
</repast.simphony.chart2.engine.TimeSeriesChartDescriptor>